pattern_name	sequence_name	start	stop	score	p-value	E-value	q-value	matched_sequence
cluster-1083	chr19	53260080	53260251	31.7107	2.8162e-08	3.064e-05	1.3418e-05	TAAACAAAACCAAAATTGTTCACTTGCTCAATGTTCCACCCCTTGAAGTCAGCCGCCCAGCTCCTGTGGGTGTGGCCCACCACATTCGATCTTCTTATCTCCTGCCACCACGAGGGTGATCGCCACCCTCTCTCTGCCTCTCTTACACCACCCAGTTTGTGCACCCCTCCCC
cluster-219	chr4	128725147	128725213	28.8578	2.3541e-07	0.00025612	5.6082e-05	GGCCACACCCTCCTCTCCGGGACTCCACCTAGTCTGCCTCTCGGAAGTTCAAGGCCACACCCTCACC
cluster-912	chr15	76084149	76084196	28.316	4.8964e-07	0.00053273	6.7587e-05	AGCCACACCCTTTACCTTGGCCACACCCTCTCCCTCTTCACTCCCACC
cluster-204	chr4	118241405	118241641	28.9347	5.765e-07	0.00062723	6.7587e-05	CTGGGTGGGGGCGGCAGGAATGGGGCCAGGCCCTCTGAAGTGTCTGCTGAGGATCCTGGGACCTGGGTGTGGGAGCTCATTAAGCACTATCTTTGCCAACACTGTGGGTGTGGTTCAATCTGGACCAAGAGATAAGGGTACGACCTGAGGCACCAGAAAGGAAGACGAGGCAGGTGGAGACTGGCCAGACACGTCCCAGGAGGAGGGAAGAATAAAAGGCAGCAAAGCTGGGTGGGG
cluster-41	chr1	136638648	136638766	27.4946	7.8479e-07	0.00085386	6.7587e-05	CCGTCCCTCCTTTGTGTGAGCTGTTCCCCCACCCTCTAAGCAGGGGCCACACCCTCTACATGGGCCCCAGTGCCACACCTATGTTATCAGGTCATCCACCCCCTGCTGAAGGGGAGGGG
cluster-152	chr3	97461941	97462122	27.7655	9.4005e-07	0.0010228	6.7587e-05	CTGGGCGGACAGTTCACAGCCCTAATCCCGACCCGGACCCCACCCTCGGCCCCGCCCCAAGCCGGAGCTGCGCACGCACCCACCACAGAGGCGGTGCTGGTGGCTAGAGAGGCAGGCGACCCAGGCTGAGGAGGGGGCGGGGCTGGAGCGCAGGGGGCGGAACAAGAGGCTCGGTGGGCGGG
cluster-755	chr12	70465219	70465333	27.0851	9.9294e-07	0.0010803	6.7587e-05	CGCGCTCTCCATGAGGGAGGGCGGAGCGGACAACCGGAGGAAGGGCGGGGCTCGTAACGGAAGGGCGGGCCCGGGAGGGGTGGATAGGGCCCCTGCAGAGTGAAAAGAAAACCGG
cluster-414	chr7	71081397	71081530	28.8241	1.2163e-06	0.0013233	7.2442e-05	CCCCGCCCCAACTCAGCACTCTTGGTCCATCAAGTTCTGAACCAAGCTCTCTGCTCCTCCCCCATGGCCACACCCACCCCAGCAGCGGCTTTCCCGAGCAGAACTGGGAACCCTACACAAACCCCACCCACCTT
cluster-879	chr14	69939946	69940073	26.9511	1.6218e-06	0.0017645	8.5861e-05	CAGCTGGGTGGGCCATTCTGTCGGAAGGGTGGGGAGACCTGGGTGAGGCTCAAGTTCAGCGATGTTGACTAAGCTATTGGAGGGAGGGTTCTCTCTCACCCTACTATGGTGGGGCTGCCTGGGTGGAG
cluster-272	chr5	65256069	65256137	27.4614	2.1235e-06	0.0023103	0.00010118	AGCCACACCCAACATTCTCACCACACCCTGTAATTCTCGCCACCCAGAAGTTCTTGCCACACCCTGCCT
cluster-283	chr5	96888728	96888870	22.496	7.7485e-06	0.0084304	0.00032694	CCCTTCCTCCCATGCTATGTTTGAGGGGAGAATGATATATGTACATATGGTGGGTGGAATTAAAGGAGATAAAGAGAAGGGCGTGCCCAATAAAGGACGTCTGGACCAGTGTGATGGCATGGGTGTGGATGGAGGAGGGAGTG
cluster-1088	chr19	56466259	56466374	23.3595	9.1109e-06	0.0099127	0.00032694	GGAGATAAGGCTGGGTGTGGGGAAGTCAGCCAGAGCGGAGGAAGCTGCATAGCAAGAAGCAGAGACTGGGGTGGGGCTAGGGCAGTGTCTCACTAAGCAGAGGTTGGGGTGGGGCC
cluster-271	chr5	65203375	65203588	24.2452	9.2863e-06	0.010103	0.00032694	CCGTCCCTGCCTCTCCACCTGTCCTTATTTACATGTAAAATCAATTGCTTCACTTGGTCTTTCCGAAGTACTGGGTGTGGGCAGAATCTTATCTGAAGCTATGTCCTGTTTGGACAAGTTGGACTCGCCCTGGCAACTCTCCATGGGGTGGAGCCGATGGGTGGAGGCAGAAAAGTAAAATTGGGTGGCTTGTTCACGGAGAGGGGAGGGCGGA
cluster-372	chr6	142839009	142839077	22.0316	1.0203e-05	0.011101	0.00032694	GGAGGGAGGGAGGGAGGGCGTGGTCTGGGAGTGTCTGGGTATGAGGAAAGGTGTGGTCTGGGTGTGTCT
cluster-741	chr12	3795668	3795693	22.9084	1.0293e-05	0.011198	0.00032694	AGCCACACCCTAACCGCCCTCCCTCC
cluster-784	chr12	113882679	113882834	23.4244	1.2103e-05	0.013168	0.00036041	AGCCCCGCCCTCGATCTCGTGCTGGTTTATGCAGAGCCCCTTAGCACACGAGTCCCGCCCCCAACGTAGCATCCCGCTAATCCCGCGCCCCACCCCAGAGCCCCGCCTCTTAGTTCCCGGCCTATCCTGAGCTGTGACATAAACTAGCCCCGCCCC
cluster-214	chr4	128287541	128287653	20.8905	2.0493e-05	0.022297	0.00057438	CTGGGTGGAGTCTAGATTAGAAGGGCGTGGGGTCGGGGTCTACTGAAGAAGCGTGGGGCCCCCTGGGTTGAGCTGGAGAGAGTAGGGAAAAATAATAAAAAAAGGAAAGAGGG
cluster-75	chr2	25869298	25869450	20.5583	2.3885e-05	0.025987	0.00063226	ACTGTTATCTGCGCTCTGCTATCAGCGAGGAAAGCAGGGTGAGGCCCAGGATCTGTCTGGTGAAGATGGATGGAGCAACCTGCCCATGTGCTGCTGACTGTACCCACACCCACATCCACCCATCACTGTGGCCAGGTGGTCAAAGATAAGGAG
cluster-1070	chr19	10736495	10736731	21.6905	3.1751e-05	0.034545	0.00079623	AAAATAATACAAAGAAGCTGGGTGGTGGCAGCAGCAGTGATAATGCACTTTTTAATNNNNNNNNNNNNNNNNNNNNNNNNNNNNNNNNNNNNNNGAAGGGACGGTTGAGATAAGGCATTTGCTTCAAAGCTTGATGATGCAAAGCTTGGTCTCCAGAACATATGTGAGGGTGTGGTCACAGGGGGAGAAGAAGCTAAGCATAAAGAAAAGACCTGGTGGCAAGCAAAGGAGAGAGGG
cluster-524	chr9	21069580	21069736	23.4492	3.5883e-05	0.039041	0.00085486	TAAATGGGCGTGGCTTCTCCGGCTCTGACCCATTGGTCTGAGATAAGGGCCCCCAGGGACGCGCTTGCGCCTGCGCGGTGAGATTAGGAGGGTGTGGTGAGTCCAAGGGAGGCGGACTGTACAGGGGCGTGGCTTGCTCGCTAGCCAAGCCCACCGT
cluster-176	chr4	32996227	32996424	19.4771	4.4221e-05	0.048113	0.0010033	AAAAGAACACACACNNNNNNNNGAGTTTGGGGTAAATCTAGGCCCATTATTTTCTTTAAAAATAAAACCTGCCTGTCCGTGACCTGGAGCTCACTTCCTTTATCTTACACACACCAGAGATTGTAAACTAACAATGAAAGCTAGCTACTCCCAAAGAAACAGTGTGTGTTAGAGATAAACTTGGGCCACACCCACAGT
cluster-615	chr10	60612402	60612437	19.0635	6.0921e-05	0.066282	0.0012361	AATGAGGGTGTGGTTAGCAATGGCATTCTTATCTCC
cluster-953	chr16	10384383	10384471	20.7691	6.1937e-05	0.067388	0.0012361	CTGGGTGGAGTCGGAGGCAGGTCAGGTGACGAGGAGAGGAGGGGTGGGGCAGGACTCTAGTTCAGGCTCCTGGAACCAGAGATAAGAAG
cluster-874	chr14	63796631	63796790	27.8057	6.2264e-05	0.067743	0.0012361	GGCGCGGGGCTCACCTGTCGGGATCTCCCGCTCCCACCTGTGTTTAGACGCCGGGGAGTGGGCAGGGCGAGGAGGCGGGGCCAGCGCCGGACGTCCCGCCCACCTCCCGCCCTCCTCAACCGGCCGCGCCGCTCGCGCCTCCAGGCTAGGACGCGCGGAG
cluster-39	chr1	135847128	135847259	18.7737	6.7783e-05	0.073748	0.0012919	CAACAGGGTGTGTCCAGAGTCCCCGAAGCACCTTCTCTCACAGTTTGAATTCTCTCCACTGGGTGGAGGCAGGGCTGGGGCATCTGTGTTCTGTTAGAGGTGCACAGGAGACTCTTGGGCCACACCCAAGGT
cluster-1029	chr18	32702279	32702338	20.4451	7.3923e-05	0.080428	0.0012993	AGGCTTATCAGAGGCAGACCTGGGTGGAGGGGCCACGCCTATCAGCATATGGAGGGAGGG
cluster-484	chr8	74937923	74938053	19.7108	7.5001e-05	0.081601	0.0012993	AGCCCCACCCAGGGTTTCATGACTCCTCTGACAGCTCTGCTGTGAACATGCAGCCACGCCCTGGGATGCAGAATGAATGATAAGGCATGGGTGGGAGAGGTAATATGTCAGGGATCAGTCACTCTACCCAG
cluster-585	chr9	122282507	122282539	18.6787	7.6352e-05	0.083071	0.0012993	AAAATGAAATACAATGGCTTACAATGAAAAACA
cluster-554	chr9	70774736	70774818	18.401	8.6692e-05	0.09432	0.001409	CTCCACCCATGCCCTTTCCTGCTGATACAGTTTCTCCCCAGAAGGGAGTGGCCAGGGTTTCAGCCAGGCTGGGAGATAAGGTT
cluster-721	chr11	104890452	104890520	19.857	8.9912e-05	0.097824	0.001409	GGGCTGGGTGGGGCCGGGCAGGGCGATGACTCAGGGGACCTGGCTTTGCTTATCTCCATTCCCGCCCAC
cluster-597	chr10	40924879	40924952	19.2204	9.1671e-05	0.099738	0.001409	GATGATAAAGCACACCCAGCCACACCCCGCCCCAGGCCTCTTATCTCAGCTGCAGCAGGTACCGGGTTGTGGGT
cluster-818	chr13	63465094	63465115	18.0635	0.00010095	0.10983	0.0015006	GGAGGGAGGGACGGAGGGAGGG
cluster-894	chr15	34829935	34829977	18.07	0.00010393	0.11307	0.0015006	GGGGTGGGGCTGAAGATAAGACCAAGATGGACACACCCAAAGG
cluster-175	chr4	9588291	9588348	17.8657	0.00011594	0.12614	0.0016097	GTCCTTATCTCCTTTGTGAAAAAAACATATTTAAAATGGCCCCTCCCCACCCCGCCCT
cluster-32	chr1	135693978	135694142	17.8709	0.00011824	0.12865	0.0016097	TGCCCCACCCTATCCTCTTCATCCTACTTCTCCTGGAAAGGGGGATGGATGAGAGGATCAGGCAATGGGCTGGGTGGGTGGCATCTCTGGGAGGCACTTGCAGGGAAGGAACACAGATGGCCTGGCAGATACCCTTCTAGGAAAGGGCAGGCTCAGGGTGGGGCC
cluster-772	chr12	85791956	85792091	19.0593	0.00013752	0.14962	0.0018201	AGCCACGCCCAGAACACGACCGAGCCTCTCCATTGGAGGGAAGGGCCACTTCCTATAACCAATCACTTGTCGGAATCTTTGACTCCACCCATCATTCCCACCCCTGGGAATAGGTGATTGGTCAAAGGTGGAAGCG
cluster-491	chr8	87495000	87495110	17.8589	0.00014788	0.1609	0.0019044	CTCCTCCCAGCTGCACTGCCATCCCACTGGGTGGGGTGGGTGGAGCACCCCGGCCTTGCTTTAAGTCCTTTATCTCCTGTCTCCAGCACTCCCACTCCAGCCCTTATCACT
cluster-716	chr11	102236438	102236629	18.5341	0.00017796	0.19362	0.0021778	CCTGCCCTTCCTTGGAATCCCCTAGGTTTCCTGTCTCTGGCTGACCCAACCCTGTCTGTCCAGGCCCCCCCTCCCAGCCCATAAGGACCCCTTCCTTGTTGAGAAAATTTTCTCCCTGCCTATATTGATGAAAAAACCCGAGTTCTCCTAGAAAAGGGTCACACCCTAACAGGAGGGACAGCCCCTCCCTTC
cluster-305	chr5	121049780	121049942	19.1719	0.00017825	0.19394	0.0021778	CTCCACCCTCAGGCCTCCTACCCCCACCCCCGCTGGCTCAAGCACCATCACGAAGCCAAAAGATAAGCTTGCCAGGGTGGTACACGCCTATAACCGTAGCCCTCAGATCGGGAGGAAGGGACAGCCTAGGCTATAATGGACCATATCTCCAAACCAAACCTTG
cluster-884	chr14	71023798	71023930	18.3094	0.00019552	0.21272	0.002329	AGCCGCACCCACCTTCAGCTGGCCGCCCCAGCCTTATCTGAGCCACCAGCCAGGCCCCACCTCAAACCACCCACCCTCTCATTTCCACGGCAACCAGAGCTTTGCAGCTCCCCAGGATATGGGTGATAAGACT
cluster-782	chr12	112797004	112797098	17.2348	0.00021337	0.23215	0.0024796	CCAGGCTTGGGTCCTAAAGGGCCTGGGTGTGACTGGGTACATCTGGCAGGTTCCCATTATCTCCTATGGACACTGTGAAGTTGTAGGGTGTGGCC
cluster-318	chr5	138127432	138127498	17.3998	0.00023208	0.25251	0.0025752	CTACAGGGTGTGGTCTGCAAGAGCAACCAGAGGGTGCGCTTCCTCCTCCTGTCTCTACTCCACCCAG
cluster-1024	chr17	85277861	85277886	17.683	0.0002324	0.25285	0.0025752	GGCCACACCCAGGAGCCTCCACCCAT
cluster-536	chr9	44096668	44096759	17.7742	0.00027615	0.30046	0.0029854	GGGGTTGGGAAGCTGTCGGTCTATCTGCATACACAAACCCCTCATTGCTTATCTCTTGCAGTTCAGCTTTGGAGCGCAGCCCCACCCAACCC
cluster-361	chr6	86027948	86028032	17.7072	0.00028195	0.30676	0.0029854	TGTGATAAGTGTCCCCCACGATCCTGCCTTTATCTGAACATGGCAGACAGGGTGTGGCCGAGTCTCTTGTTTAACTGCCCACCCC
cluster-963	chr16	32509920	32509983	16.567	0.00030449	0.33129	0.0030688	CCCGCCCTGCTCTGCCTTAACCACTCCACCCAAGGGGGGCCCTGCAGTGGCTGAGGGTGGGGCA
cluster-396	chr7	25940655	25940731	18.793	0.00030607	0.333	0.0030688	CCCCTCCCCCACATCTGTAAGCCCCACCCTGTGGGTAAGAGATACTCCCAAACTACAGCTGTTTCTACCCGCCCTGC
cluster-370	chr6	136416889	136416941	16.28	0.00031087	0.33823	0.0030688	GGGGTGGGGTGGGTGGGAGATTGTTGTAGGACACTGGATTGAGGGAGGGCGGG
cluster-367	chr6	121187777	121187815	16.3144	0.0003156	0.34337	0.0030688	GCATGGTTGTTTGGGAAGATGCTAAGCCACACCCTGGCC
cluster-888	chr14	79987353	79987471	20.6754	0.00035352	0.38463	0.0033689	GGGGCGCGGGACTCACGGCCACGCCCTCGGGGCGGGGGCTTGGCTGCGTCACGGGTAGGGGCGGGGCCGGAGAGCGTTTCCTCCTCTTTCCCAGCCGGCCCCGCGCCTACCTGCCCACC
cluster-621	chr10	107550495	107550607	16.0618	0.00037275	0.40556	0.0034825	CCCTCGCTCCCATTCCGCGAAGACTTGCAGTTTAAAGACAGAAATGCAGTGCGAACAGGGCGTGGCTGCACTGTGCGATTCAGTTCAGCCGGAGCCTGAGCTCTGTTATCTCC
cluster-74	chr2	25742923	25743067	17.0096	0.00041569	0.45228	0.0037742	AGGCTTATCTTCCATTAGCCACAGTTAATCTCAGTGAACACTTGGCTCTTCCTGGGTGTGGCACTGGGGCATCAGTGAGCAGTGAATAGCTCACTCGCTGTTTATACTGGGTGATGTTCGGACCTCAGAGAACGTGGGTGTGGCC
cluster-676	chr11	74652068	74652212	16.8851	0.00041982	0.45677	0.0037742	GGCCACACCTCCAAGCCGCCAGCCGAAGCGCGCCTTTCCGCCCGCCTCCCGGCGCTTCCCGGCAGCTGGGGGCGGGGCCAGCCGCCCGTGGTGACGCAGCGGACAGGTCCGCGTGGGTGCGCGCGTGCTCTGAAAGGGCGGGGTC
cluster-14	chr1	77295305	77295387	15.5368	0.00050187	0.54603	0.004334	GCCTCCTTCCACCCTTCCCTCACCCGTCTGATAGGTCACACCCTGTCTGTTCAGCCTTATCTGTTGAGGAACACCCCAGCCAT
cluster-380	chr7	6315650	6315819	19.037	0.00050851	0.55325	0.004334	CCCGCCCTACTTGATAACCCCGCCCCTCACCTAATACGGATAAGCTCCCGCCCCTTACCCACTTAGTACCGCCCTCTCCAGGGACTCTGCTGAGAACACGCCCCTTCTCCACCAAGCCCCGCCCCTTACTCCAGTTTCTTCTGGGAACCTTCCTATCTAAGCCCAGCCCC
cluster-559	chr9	98390150	98390209	15.4714	0.00050938	0.55421	0.004334	TTACACCCAGGCTTCCTGCTCACCACAATTAATAGCCCTTCTTATCTTCAGCCCCACCCC
cluster-420	chr7	91033891	91033905	16.2747	0.00051908	0.56476	0.0043391	GGCCACACCCACTCC
cluster-987	chr17	24340051	24340290	16.4938	0.0005539	0.60265	0.0044679	TCCTCCTTCCGCTCTGGCTTTTACCCTCCTGGCAGCTGCTTATCTCATGCTTGCCCTTCTTAGGATTGTCTGACAGTACCTCAGCTGGCCCCACCCTCAGCGCACGCAGGAACCCTTCTGGGTCTAGAAAACAGATCAGATCAAGTCACTCCCAGGCCCCAATCTCCCAGGTCTCACTCAACACTGTGTCCATAGCACCCCCCACCCAGCTCCTTCTCATGCAAATTCACCTTTTGTTCT
cluster-494	chr8	97257848	97257932	16.6283	0.00055818	0.6073	0.0044679	AGCCACACCCACTGCCAGCTGGTGGTAGAGACAAGACAGCTGTATCTAGGACAAGGGGCATTAGTACACTGGTCACACCCTGCAG
cluster-215	chr4	128533050	128533202	18.8323	0.00056263	0.61214	0.0044679	CCCCACCCGTAGTCAGGACAGGTCTCAGCTCGTACCCCACTCCTCTGCCTGTAGCTGGGGTTTGCTGTAGCCCCACACATTCCTTTAGAATTGATAAGATTCTGAAAGCCACACCCTCTGCCCACTACCTTCTGGAGCTAGATAGGGGTGAGG
cluster-977	chr16	91353145	91353187	15.6293	0.00058248	0.63374	0.0045297	AGCCTTATCTTTGCCAGCCATGCTCAGCAGCCACACCCTGAGT
cluster-619	chr10	76673952	76674024	16.4464	0.00058942	0.64128	0.0045297	AACCACACCCAGTGCCCAGGCTGGGAGAAGAAACTACCACACCCCCGAGGGGAACCTTGACCCCACCTTCTTC
cluster-690	chr11	90548100	90548146	15.6355	0.00064795	0.70496	0.0049004	TGCCACACCCTGTCCCCAAGGGAGGGGGCAGGGTAAAGAAGGGAGCT
cluster-998	chr17	26651574	26651647	15.9606	0.00065828	0.71621	0.0049008	TTCCCCCCATCTGCCTTCTAGGACCTTTGTCCTTATCTTCTGGGACACACAGTAGGTGTGGCACATGGGTGGGG
cluster-352	chr6	72223262	72223403	16.2001	0.00067103	0.73008	0.0049189	CAGCTCTTGTTTGGTCAGTCTTGTCTACCCATCTTCCTGCCCCTCCCCCACCACCACCCTGATTACGGGGCATGCCCAGTTCACTTACCAGACCTCACAGCCGACCCCACCCACCACACCCATCCCAGACAGCACTCCATCC
cluster-345	chr6	41654321	41654400	15.3882	0.00070916	0.77157	0.0051196	CTGGGTGGAGCCTGCTTATCAGTGAGGGAACACTCAGGCCTCACCTCCTCTTTTATCTTAGTTTCTCAGGGGAGAGAGGG
cluster-632	chr11	4123537	4123682	14.8032	0.00077075	0.83857	0.0054006	AGCCCCGCCCATGCTCNNNNNNNNNNNNNNNNNNNNNAAGAAGGGTGTGACTTCTGTGTACCCAGGTCATGGTGAGTCCCTAGAAAAGCAACCACACAGGCAGTCTTCTGGCAGGATGCCCACCTGGCTCAGAGGACCCCCTCCCC
cluster-949	chr16	8687057	8687109	18.196	0.00077342	0.84148	0.0054006	CACCCCACCCTCTGTGACAGCCTTATCACTGGAGTGGACAGGTGGGTGTGGCG
cluster-1014	chr17	45710228	45710382	16.4534	0.00078209	0.85091	0.0054006	CCCGACCGCCCTATATAAGGCGAAGCACAGCCCGGGCCCCGCCCTTGGATCCCTCCGCCTTAAAGGAGTGGCTGCGGGCCACGCACCTGCCGCCGCCCGCCCACCTTGACGTCATGGTAGCAGATCGTGGAGGGGGCGGGGAGGAGCGGGACCCC
cluster-413	chr7	71081217	71081303	16.4717	0.00082507	0.89768	0.005616	GAAAGGAGGAGCGAGCCAAAAAGGAAAAACATCTTGGACCCAACCCGCCCACGACATCCAGCCCCTCCCCTCAGGCAAGCCCTCTGC
cluster-636	chr11	31712333	31712405	14.7951	0.00083906	0.91289	0.005616	CAGTCCCTGCGGTCAGGCCCTGCAAAGAACGCAGGTTTGTTTTCTCCGGAGCTGAGCCGGGTCCCTTATCTCA
cluster-233	chr4	135733920	135734051	16.4989	0.00084864	0.92332	0.005616	AGCCCAAACCGGGATGGGGGTGGGCAGGAGGGAGAGTGTTTGCACTGTTTCCCAATGCGGGCACCTCCCTGGGGTGTGGCACTGAGCCAGGAAGTCCCCTGGGCCTGGGCGGATGCTGGCCCCACCCTGATA
cluster-280	chr5	89056740	89056804	18.1587	0.00087109	0.94775	0.0056856	AGACTGGGTGTTGCTGTGCCACACCCATGTCCTACCCTGGCAGGCTGAACCTGGGAGATAAGAAA
cluster-766	chr12	78031369	78031410	15.4393	0.00097135	1.0568	0.0062543	ATCTTTATCTCCCTGACCACGCCCACCCATCATGCCCTCCCC
cluster-486	chr8	83025366	83025493	14.9861	0.00099509	1.0827	0.0062569	CAAGAGGGCGGGCCCAGTGGCAGACAGATCCCACTGCCTGCAAAATGATAGCCTATAAGCCAGTTGGGTGATGAGATAAGGGGTGGGCCTGTAGTACATTCGCTTGAGCGATCTCTCTCCCTCCCTTC
cluster-230	chr4	134960975	134961069	15.6772	0.00099801	1.0858	0.0062569	GGCCCCACCTTTTGCTCTCTGCTAGCTGGGTGGAGTCACCCCAGATATCACTCTCAGGGAGCCTCCCTTCCCAGCTTCCCCTGCGCTCCACCCTT
cluster-594	chr10	25019200	25019212	14.4144	0.001055	1.1478	0.0065283	CTAGGTTTGTTTT
cluster-890	chr14	119195474	119195535	15.2534	0.0011243	1.2232	0.0067662	TTGGGTGGAGCAGATGGGGCATGGCGGGTGGGGGTGGGGTGAAGAGGCGGTTTCTTATCTAA
cluster-664	chr11	60988920	60988984	14.1702	0.0011357	1.2357	0.0067662	GAGGCGGGGCGACGGAGGGGTGGGGCAGGGTAGGGCCTGCGTCTGCGAGTTCTCTGAAAGGAGGG
cluster-496	chr8	97324176	97324190	14.219	0.0011361	1.236	0.0067662	AGCCCCACCCACCCC
cluster-542	chr9	57618873	57618942	14.0061	0.0012305	1.3387	0.007238	ATAGATAACAGTGGAGCAGTCCACCTTTCTCCACCCCACCCTTCCCCAAGCTATGAGCCACACCCCCTTG
cluster-576	chr9	114376007	114376150	13.6661	0.0013806	1.5021	0.008022	AATGATAAGGCAGCAGAGGGAGGTACTCAAAGCCAACTTCTGGTCTCCATATACGTACAACAAATGCAACAAACAAGCAAACGCCTCCCGACACGCCCTCCATGAACACAGATAAGTCACCCCTTCCTGGGCCTCACCCTGTGC
cluster-955	chr16	12052330	12052419	13.7465	0.0014569	1.5851	0.0083634	ATGCTTATCTGTCACACTCAGCTCTTGTCTGTCTCCCTTAACTTTCATGGCCAGACTGGGTACGCCCTTCTGCAAGATGTTTTTCATTTT
cluster-246	chr4	154862601	154862661	15.4558	0.0015406	1.6761	0.0086766	TGACTGGGTGTGGCTATGGACTTGCCATCTGATTTCTGAGATATTTCCTGAGAAGGGAGTG
cluster-886	chr14	79703095	79703109	14.1391	0.0015479	1.6841	0.0086766	AGCCACACCCTGCCT
cluster-10	chr1	59010977	59011065	14.1025	0.0015811	1.7203	0.0087601	TCCTCCCTTCCACAATCTCCACCACCAGAAGGGAGGTAACCTCTGGCAAGGAAGGAGTCCACAGCAGAGCGTCACCTGGAGATAAGAAA
cluster-528	chr9	21940158	21940285	14.2179	0.0017082	1.8585	0.0093552	TGCCACTCCCTTGACTTTCTCTCTTTTTCTCCCTCCCCTCCGCCGCCGCCCACACCCGAGTGCTAGCTGTGGACCTAGGGGCTCTTGATCTACCACTGAGCCACACCCAAGTGTCCAGGCTTATCATC
cluster-400	chr7	28233950	28234075	14.3603	0.0017499	1.9039	0.0094498	AGCCACACCCTTGCTAGCCTTGGCGATTCTTAAGATATTGACTATCAGAGTGCCCCAAAAGGGTGGAGGCCACAAAGAGCCCAGTCCCTGCTGGTTCCCAGCACAGCTCCTGCTTTGGGTGAGGCT
cluster-101	chr2	121964003	121964051	13.7983	0.0018013	1.9598	0.0094498	TCTCTTATCTCAAGACAACAGAGTCCACAGAGAGAAGGTGGGTGGGGCC
cluster-748	chr12	41693236	41693285	16.1218	0.0018074	1.9664	0.0094498	AAAATGAAAGATAAAAGTCTAAAGTAGAAGACTTCTATATTCTTATCTCT
cluster-563	chr9	107206895	107206948	14.1029	0.0018238	1.9843	0.0094498	GGGGTGGGGTGCCATAGGAAACTGGAGGCAAGGGTGATAACTTTGGGTGTGGTT
cluster-243	chr4	154285910	154286009	13.8285	0.0018246	1.9852	0.0094498	GGGGCTGGGCACCTGCACCCTTCTCTGCTGATAAGGGTGTTTGTACAGTAGAGATGGAGTTGGGGTGGGGCTGGGTGGGACTGGGCACAGTGTTATCAAT
cluster-725	chr11	107308923	107309011	14.5499	0.0018579	2.0214	0.0095185	GACCACACCCTGTACCCCAAGTCAGGCCCAACCAGCCATCTAAAGAGCCAAAGAAACATGAAAAGCAGCAAAAGGGGGTGGGTGGGTGG
cluster-480	chr8	71137351	71137381	14.1407	0.0020926	2.2767	0.010563	GACACAACCCTGCTCTGGACTGGGTGTGGCA
cluster-250	chr5	27985290	27985349	13.7495	0.002106	2.2914	0.010563	TTTCTTATCAGAGGTCACAGGCATGACCCAGGGAGATAACACTGAGGCCACACCCTACTG
cluster-543	chr9	59598228	59598376	15.9119	0.0021446	2.3333	0.010644	GGGGAGGGGCGTGCGTGTGTGGAAAAGGGGCGGCGCTGAGAATCCAGCTGCAGAATGAGGAAGGGGCTCGGACACACTAGAGTCTGCGTGGAGCGCAAAGCGATCCACTGCTTCCAAAAACTGAGACAAACCTAAGTAGGGAGGAGGCG
cluster-328	chr5	143814537	143814637	13.131	0.0022217	2.4172	0.010913	TAACCCACCCATGCCCAAAGTTATCAATTGAAAAGTACCTGCAACCTAGCTGGGTCTGCTTGTCTGGGGAGACCGAAGATAAACCCAGCCACACCCTGAAC
cluster-900	chr15	56455446	56455549	13.0464	0.0024005	2.6117	0.011618	GAAATAAAACACACACTCAAAGGTTGCAATTTTGCTGGCAATGCAGGTGTTGCTGGGACGGCCATTGCNNNNNNNNNNNGGGGGGTGGGGTGGGGGGGGTAGGG
cluster-672	chr11	69186883	69186944	12.9192	0.002414	2.6265	0.011618	AGCCACTCCCATCCCTTCTCAGTGGGTGTGGTTCTTATCTCCTCTCTCCCAGGTTCACCCAT
cluster-899	chr15	56455242	56455315	13.0184	0.0024412	2.656	0.011632	GAAGATAAGGAGGAAAAGAGTGCCCGCATAAGCTTATTTATTTTATCTGTGACTGCAACTGTTGAGGGGCGGGG
cluster-459	chr7	139969906	139969963	13.6829	0.0025291	2.7517	0.011931	GGCCACACCCAGCACCCCAGTTCTGTGAGGTTCTGATATGCCTATAGACCCGCCATCC
cluster-616	chr10	60612591	60612637	12.7986	0.0026963	2.9335	0.012595	CTCCATCCAGATCCCCTGAAATAACCCCTGGTTGACACACGCCCTTC
cluster-917	chr15	79758201	79758261	14.0975	0.0027421	2.9834	0.012599	CTGGGCGGAGCACGACGGCCTGCTGGAGATAAACACGACCACGTGACCGTAGCCCCGCCCC
cluster-607	chr10	59256523	59256535	12.6222	0.0027681	3.0116	0.012599	CTCGGTTTGTTTT
cluster-273	chr5	68207090	68207153	12.6964	0.0027765	3.0208	0.012599	AGACACACCCCAGACGAGAGACGTGGTGACCTCCACCGCCCCATTTTGAAGCTTCTCCACCCAC
cluster-463	chr7	148354790	148354860	12.7338	0.0028242	3.0728	0.012695	AAAATGATCCACAGCTGCCACGAAATGGGTGTGACTGTGATGAGAGCTTCTGGTATGAACACACCCATCTC
cluster-654	chr11	54679842	54679968	12.6197	0.0029523	3.2121	0.01312	CTCCGCCCATTTCGTTCCCTCGCTCGCCGCACGCCGGCGCCAGTGCGCACGCGCAGGCCCACCGGGCGCGAGCCGGCAGTCTCCGCGCGCTCCCGCGGTTCCTCTCCCCACTGTGGCCGCGGCGCGG
cluster-263	chr5	45951809	45951844	12.5591	0.0029739	3.2356	0.01312	CTTGGTGGGGACACGCCCCAGAGCCACACCCAGGTC
cluster-984	chr17	12397930	12397983	12.5252	0.0030701	3.3402	0.01342	AGGCAGGGTGGGGCGTGGTGCCCGGGATGGACCTGGTGTTACACAGATAAGGAA
cluster-232	chr4	135730863	135730911	13.9592	0.0031074	3.3809	0.01346	TACAAGGGTGTGACCTGGAGCTGCTCCAAGCCCAACCCTGGGTGTGGCC
cluster-197	chr4	111175741	111175768	12.4988	0.0032216	3.5051	0.013829	CCCCTCCCTTGCCAGCCACACCCATCTG
cluster-846	chr13	112833959	112833973	12.4552	0.0033048	3.5956	0.014059	TGGCAGGGTGTGGCT
cluster-1005	chr17	29575295	29575378	12.9446	0.0033604	3.6561	0.014169	AAACTGAAAGAGAATCCTCGGAGTCCTTGCTCCTTCCGGTGCACACCCACCCCATTCCAACGACAACGACACGCACCCCACCCC
cluster-53	chr1	169314404	169314438	12.3225	0.0034476	3.751	0.014191	ATCCACACCCAGGCAGCCTCTGCCACACCCTGGGT
cluster-160	chr3	104844024	104844058	12.2272	0.0034701	3.7754	0.014191	GGCCACACCCCTCGCCTTATGCACACACCCACACA
cluster-1080	chr19	45121983	45122046	14.3235	0.0034713	3.7767	0.014191	CCCGCCCTCCACGCCGCTCACCCGCACCCAGTGCACCTAGACTGGGTGCTGCGGGGGTGGGTGC
cluster-1002	chr17	28960470	28960484	13.7395	0.0034895	3.7966	0.014191	GCTCTGGGTGTGGCT
cluster-873	chr14	61273046	61273092	12.4742	0.0035144	3.8237	0.014191	GCTGATAAGGAGGAGCAGTGGGTGTGTCCTTCATCTTTCCCATCCCC
cluster-881	chr14	70506920	70506980	12.2519	0.0036084	3.9259	0.014215	CCCCACCCAGCCACCATCTGGGTCAGCCTCTTATCTCTGTCCCTGCAGTAGGGGCGGGTGA
cluster-537	chr9	44773691	44773846	13.0862	0.0036255	3.9446	0.014215	CCCCGCGCCGGAAGTAGGGCGGTGTCGGGCTTCGCTAATGACAGAGAAAACACCGAGGAGGCGCATGCGCACGTTTGCTGGCAGCTAGCGAGGGTGGGGGGCGGGCCGGAAGTGGCTTTGGGATTGGGCTAGGCAGCAGGGCGGGGCGGGGCAGGG
cluster-1038	chr18	61379971	61380025	13.1436	0.0036265	3.9456	0.014215	GCCCTTATCAGACCAGGGTGAAAAGGAGCCACACCCATTCTCTCTTCCAGGCCCC
cluster-265	chr5	64826914	64826938	12.6368	0.0037104	4.0369	0.014215	CCCCACCCACTGCCACACCCAGTGC
cluster-377	chr6	146179179	146179226	12.2753	0.0037258	4.0537	0.014215	GTGATGGGTGTGGCTCTTAGGAAATGCTTCCATGTGTGTGATAAGCAT
cluster-110	chr2	150491877	150491923	12.2069	0.0037264	4.0544	0.014215	GACCACACCCAAGCCTCACCATAAGGCTGATACCACTTCTTATCAGC
cluster-608	chr10	59336661	59336673	12.3152	0.0037294	4.0576	0.014215	AAAACAAACCTGG
cluster-481	chr8	73222287	73222422	13.9981	0.0037677	4.0993	0.014248	CCCTTCCTGCCCACACCTGCCAGCTCCCAGCCGGAGGAACCCTGGCCGGCGCCCGGCCCCCGAGGGGCGTGCCTTCGGTGGGCGTGACGCGGGGCGTGGCTTCACAGAGGGCCTGGGTTTATGAGGCTCCACACAT
cluster-571	chr9	108710106	108710151	12.1166	0.0039215	4.2666	0.014713	AAAAGGATAGTCATTGACAAGTTGGGGCGTGGTCCAGAAGGGAGTG
cluster-96	chr2	103962065	103962153	12.0734	0.0040629	4.4204	0.015124	CCCCACCCCATGTATTTAGCACATATCTGTATACACAAGTTCGCTCACGGAGCTGAGCCTGCGCTTCCATGACCTCCAACCCTCCCTGC
cluster-905	chr15	58828692	58828706	12.0879	0.0041314	4.4949	0.01526	GGCCACACCCTGCCA
cluster-673	chr11	69714447	69714575	13.9799	0.0044605	4.853	0.016348	CCGCACACCCTTCCCTTATTGTTACACCCCAAGACTTTCTTTGTCTCTGTAATTTGTTCCCGCCCTTCTCCATCACCGCCCTTCTCCGAATCAACCAATCACAGTCAAGGGGCCTGGCCAGCGGTGAGG
cluster-840	chr13	107891101	107891157	11.9316	0.0045002	4.8962	0.016368	CTCGGTTTGTTTGTTCTCAGAGTCTCCCAGAGTTTTTCTTATACACCCACCCCATGC
cluster-515	chr8	122895805	122895899	13.8767	0.0046938	5.1069	0.016943	GGGGTGGGGCCATGCTGCTCACGGCTTATCACTTCTGTCTGGTGCTTGTTCCCGCCACTCTGCACCCCAGCCTTATCTGTGTCCCCAGGCCTTCC
cluster-856	chr14	21299414	21299483	12.4559	0.0047869	5.2081	0.017149	CTAGGTTTGTTTCATGTGACTATAGGGAATTGTGAGTAGACAGAACTGGAGTTGAATTAAACAAAACTAA
cluster-966	chr16	44265832	44265893	11.8821	0.0048393	5.2651	0.017207	CATCTGGGCGGGGCAGCTCATCTGGGCGGGGCAGCACTTACTGTCTGGTAGGTGATAACAAG
cluster-44	chr1	137838384	137838398	11.7473	0.0049267	5.3603	0.017388	GAGATGGGTGTGGCT
cluster-51	chr1	157198853	157198910	11.7543	0.0050492	5.4935	0.017572	GGGGCGGGGCTGGGGTGTGGTCAGGGCTGTGGGGTCTGTCAATGAACCTCTTATCAGT
cluster-46	chr1	155596757	155596827	11.8671	0.0050526	5.4972	0.017572	CTGGGCGGAGTTCTTATTTGTTTATGACAGGCAAGCTTCCTGAACACAAGCTAGCTGCTCTGGGTGGGGCG
cluster-981	chr17	5112285	5112317	11.8219	0.0051791	5.6349	0.017882	CGTGATAAGAGCAAAACATGTGAGGGTGTGGCT
cluster-79	chr2	32629406	32629447	12.4139	0.0053351	5.8045	0.018184	GGAGGAAGGGCTAAGCAGGTTTGACAGTGACAGGGGGTGGGG
cluster-115	chr2	157978543	157978623	13.9908	0.0053705	5.8431	0.018184	AGCCACAACCCAAGCGCCCAAGAGGGCTTTGATAAACTAGCCACGCCCAAGATAATATAGCAACTAAAAGAAGGGGAGGGG
cluster-1037	chr18	60666746	60666820	11.595	0.0053881	5.8622	0.018184	GGAGGGACGGTTACTTTCAAAGATAACCAGTTTGCTCTCCAGGTAAAATTCAGTCCGAAGTCCTTGGGTGTGGCG
cluster-997	chr17	26079793	26079846	12.4988	0.0054193	5.8962	0.018184	CTGGGGGGAACACTAAGGGACCACACCCTTCCCCTAAACTGCCCAACCCAGCCT
cluster-1012	chr17	43466740	43466754	11.4843	0.0058093	6.3206	0.019239	GGCCACACCCAGCTT
cluster-982	chr17	12230199	12230213	11.4118	0.0058144	6.326	0.019239	GGACTGGGTGTGGTC
cluster-1022	chr17	84179752	84179766	12.0879	0.0059796	6.5059	0.019518	GTGCTGGGTGTGGCC
cluster-877	chr14	69923070	69923140	11.4762	0.0060309	6.5617	0.019518	GCAGGGAGGGACGGCTTGGTAGAACACACCCATTGCTGAGCTGGGGGAAAAGGAGAGGTAAGGTTTATTTC
cluster-191	chr4	106351648	106351709	11.5534	0.0060946	6.6309	0.019518	AGCCCCACCCATCCATTGCAGAGTTTGCCTGGCCTCTAGTCTCCTCGCTTTGGGGCGTGGTT
cluster-252	chr5	30290090	30290122	11.385	0.0061282	6.6675	0.019518	ACCCACACCCACTCCCAGGAAAGCCCTTCCACC
cluster-799	chr13	3866485	3866547	11.592	0.0061298	6.6692	0.019518	ACCTCCTTTCCAGTGTGATTATCAGGGCGGGTTTGTACCTAGCCGTTCAGCCACACCCTTCTG
cluster-634	chr11	30901521	30901601	11.2503	0.0061445	6.6852	0.019518	TGTTCTTAATTTTTAATCTGTCTTCTACCATGAACTATGTAGTTTTGTTTTTCCTCGTAGTGGTCAGTAAAATTCAAAATA
cluster-132	chr3	51492679	51492693	12.1508	0.0063033	6.858	0.01989	AGTATGGGTGTGGCT
cluster-237	chr4	151104220	151104234	11.6482	0.0063537	6.9128	0.019917	GGTGGGGGTGTGGCT
cluster-692	chr11	94859081	94859140	12.6692	0.0065742	7.1528	0.020473	ACCCTTATCTGTATGCACAATAGCCTACCACACCCCAGCCACCCCTCACACACCCTGCTG
cluster-311	chr5	129723511	129723576	11.1443	0.0066613	7.2475	0.02061	TAGCATTCATTGTCAGGGGCGGGGCTGACCTTGAGATTGACAAGAGTCAGGCAGGAGAAGGGCGTG
cluster-650	chr11	53840145	53840228	11.1742	0.0071742	7.8055	0.022054	ACCCACACCCTAGCTGTCTACACCCTGGGGCCAGACACATTTTCTGTTGACTGCTCTGTAGTGCTGAGGGAAAGAGATAAGAAA
cluster-623	chr10	110604598	110604653	11.8423	0.0073298	7.9748	0.022387	ACGCTGGGTGTGGCATTTGCTGGTGATCCTGCTCTTGGGAGATAGGGAAAGGAGGG
cluster-854	chr14	21299131	21299191	11.6616	0.0075047	8.1651	0.022685	CGTCACACCCTAGCCCGCTTTCCTGCAATATGGAGCCAGAGGGCGTGGCGCATGGGCGGCG
cluster-142	chr3	84162812	84162844	11.3285	0.0075838	8.2512	0.022685	GGAAGGGGTGTGGCTCATGCAAAATGCAAGGCT
cluster-807	chr13	35887892	35887941	11.0494	0.0075964	8.2649	0.022685	GTGCTTATCATCGTTCACAGCAAGCCTTCTCCCTGCCCCACCCTCCCTCC
cluster-343	chr6	38874454	38874514	11.0645	0.007637	8.3091	0.022685	AAAATGAAACAAAGATGGTGGAAACCCCAGGAAGCAAATCTGACTTGGCCACACGCAGACA
cluster-989	chr17	25003274	25003321	11.0413	0.0076931	8.3701	0.022685	GGGGTGGGCTACAGAAGCAGGAGGGAGGTAAGAGGCTGAGGGGAGAGG
cluster-254	chr5	33375031	33375056	10.9511	0.0077131	8.3918	0.022685	GAAGATAAGACCCGAGTGGGGTGGCG
cluster-68	chr1	196502191	196502261	11.4855	0.0077901	8.4756	0.022771	CACCACACCCACCTTATCTAGGGCTGGGCTTGGTATACTTTCTTTGACTTTTTCTAAGCAGGGGTGTGGAT
cluster-401	chr7	28266743	28266790	10.8842	0.0079252	8.6226	0.022897	TCCTCCCTCCCCAGGGGCCGGGTGGGGTGGCTGGCTAGGGGCGGGACG
cluster-773	chr12	85792231	85792334	11.7454	0.0079291	8.6269	0.022897	GGTCCCGCCCCCTTGCTAAGGAAAGTAAATAAGGTCCTTGAAGAATTTTGCCTGCGTTCCACTTTAACCACTCCGTGGGTGGGGCTGCTGTCTGGGGTGGGACT
cluster-670	chr11	62363966	62364088	10.9918	0.0080913	8.8033	0.023213	AAAGCAATCCGAGCAGTTCTGCTCCTTCCTTGTTGATCTCGATGAGGGAAAAGCAACCACACCCAAAACCTCAGAACCTAGTCCTGAGGTTGAGGTTCTAGGATTAACGGGCCCCTTCCCTTC
cluster-482	chr8	73222585	73222629	12.4838	0.0081362	8.8522	0.023213	AAGCTGGGCGTGGTGACCCGGCCAAACCGCGTTCAGCCCCACCCC
cluster-76	chr2	28463169	28463196	12.0925	0.0083232	9.0556	0.023606	GATGGGCGGGGCCCACCACACCCACTGA
cluster-490	chr8	87362603	87362631	11.6369	0.0084207	9.1617	0.023703	CCCTGCCCCATCATGGCCCCACCCTGCCT
cluster-22	chr1	92186166	92186219	11.6132	0.0084569	9.2011	0.023703	CTCCTCCCCAGGCCCCTCCTCCCCTTTCTTATCTGGCCGGCCCACACCCTGAGC
cluster-183	chr4	44017217	44017282	11.3208	0.0086493	9.4104	0.0241	AGTTTGGGTGTGCCTCTACAGGCCTAGATAGATAAGAATGCTAAAGAATTGAAAGTTCCCGCCCAT
cluster-302	chr5	118933428	118933457	10.7653	0.008938	9.7245	0.02476	GGAACAAACCTAGTATTAAAATAAAAAGTT
cluster-354	chr6	81915963	81916064	10.7352	0.0090906	9.8906	0.025037	CGATGGGGTGTGGCCGGACGGTGGCTCCTATGGGACTAAACTTGCTTCCCGGTGTACCGCCGCTTGTTTGAGGGAGTTATACCTGTAAATGTATATAATTTT
cluster-786	chr12	114386746	114386840	12.9314	0.0091824	9.9905	0.025145	CCTCGGGGTGTGGCTCCCCAGCCAGTGGAGGGCGCATGGGTGTGTACAGAGAAGGCTTGAGCAGATAGATCATGGTTCTGTGGCCTCCCCTCCCC

# MCAST (Motif Cluster Alignment and Search Tool): Version 5.5.6 compiled on Jul 30 2024 at 18:44:14
# The format of this file is described at https://meme-suite.org/meme/doc/mcast-output-format.html.
# mcast --oc mcast_example_output_files Klf1.streme Klf1.fna
